id,customerId,url,state,createdAt
d7985e51-bd26-46be-828f-4bb657c602b2,3,/example/services/z,SUCCESS,20240216033737
335b1a65-f1d9-4062-86b6-f12272956dfd,20,/example/services/i,SUCCESS,20240216033737
e4bdd5ba-14cb-4645-9c1a-3d2fa7cb7baa,19,/example/services/k,SUCCESS,20240216033737
32394dff-a8e7-4416-ae87-bb615b469229,2,/example/services/k,SUCCESS,20240216033737
7473f2c5-7c8d-4a57-9b6b-a41ee2e93f01,2,/example/services/b,FAIL,20240216033737
028ea7db-c315-4a59-b6c7-aec8104f7bb8,5,/example/services/b,FAIL,20240216033737
596bab4c-3a92-4640-9a6b-4926d8379a85,2,/example/services/e,SUCCESS,20240216033737
2acf0a39-62a0-4995-a711-aef6358762b0,9,/example/services/v,SUCCESS,20240216033737
02d321a6-7a17-44a1-8bdd-b92d0cb833e8,0,/example/services/a,SUCCESS,20240216033737
c75be5ee-3168-4b86-b3d3-7a65b578fd2a,6,/example/services/e,SUCCESS,20240216033737
4a7087db-e1e1-48ff-9403-d3dffb937adc,1,/example/services/a,FAIL,20240216033737
24b57ece-5684-4df5-8627-8c6aaf732578,19,/example/services/t,SUCCESS,20240216033737
8b654e73-299c-4742-912e-b0f6e4461694,3,/example/services/u,SUCCESS,20240216033737
9b0ad5bf-d36d-40f8-9b96-a222f9e9c8cb,14,/example/services/b,SUCCESS,20240216033737
d0ad7094-8805-467b-8156-025ca8218f19,18,/example/services/a,SUCCESS,20240216033737
447c4a6c-24c2-4fcc-b8d6-b14640234a01,14,/example/services/e,FAIL,20240216033737
d7721f8b-5faf-40bf-b020-3c82e95b4cf2,9,/example/services/s,SUCCESS,20240216033737
5269df8b-5f85-4af2-90bf-af6d558e7a28,6,/example/services/k,SUCCESS,20240216033737
5277c637-0121-4196-a5ab-4ec2cd6095f2,2,/example/services/k,SUCCESS,20240216033737
a5633dd7-af76-44b8-92e6-5ac2ebe4bcd2,9,/example/services/p,SUCCESS,20240216033737
18801f55-0609-4762-a9a2-81e40ca84a0f,20,/example/services/b,SUCCESS,20240216033737
142a16c7-181e-4e15-9178-7b574f0723b6,5,/example/services/d,FAIL,20240216033737
16527139-ef2b-4821-bef6-4e7088de90a4,13,/example/services/t,FAIL,20240216033737
21c75d48-83e0-4227-8e29-670530d23b56,20,/example/services/c,SUCCESS,20240216033737
e06dcb3e-479a-4f82-ac7d-7b16c9c83100,20,/example/services/j,SUCCESS,20240216033737
8ede3e62-9aec-4350-9878-6adad8251224,6,/example/services/v,FAIL,20240216033737
bb029786-a749-41b2-b9e4-78b1f4c91535,12,/example/services/v,SUCCESS,20240216033737
9c3c4416-4a7a-4ccc-918c-6b8d407d9d80,6,/example/services/q,SUCCESS,20240216033737
14e27180-f586-424f-8e75-23b2b9f41f37,15,/example/services/p,SUCCESS,20240216033737
84ece448-dece-4768-8bf1-b19a2a009e9f,9,/example/services/t,SUCCESS,20240216033737
fb4e8696-1bf6-41d7-b8b1-dd3f88c29bcd,15,/example/services/x,SUCCESS,20240216033737
fe25a0a6-e3dd-4d94-99a0-05d951e54426,14,/example/services/b,SUCCESS,20240216033737
8f1b8100-6804-4c05-83a4-d2af2b0f7069,6,/example/services/c,FAIL,20240216033737
46333238-a341-43c5-b8f5-cf29f5caaf64,20,/example/services/y,FAIL,20240216033737
d49a0de8-0531-4b1c-8916-8627e7d440c1,2,/example/services/m,SUCCESS,20240216033737
4f435791-c574-41a7-a18f-708c99215d12,17,/example/services/v,SUCCESS,20240216033737
17d6b398-7c42-4932-850f-6a1d5cdfb420,1,/example/services/b,FAIL,20240216033737
d54bf546-432e-4457-bac0-a06bb37b18dc,17,/example/services/q,SUCCESS,20240216033737
d4505eb4-0fef-4325-9b7a-855d0563f6be,5,/example/services/f,SUCCESS,20240216033737
53e736ce-112c-4392-957c-26f0c2b04605,5,/example/services/o,SUCCESS,20240216033737
e08943d4-f1ec-4a88-83af-886ac7daf4e5,9,/example/services/h,SUCCESS,20240216033737
1012f4a4-94ac-464d-8a16-76de7f97bb8d,1,/example/services/t,SUCCESS,20240216033737
827147fd-9c84-4d9a-911f-8d57928cc647,18,/example/services/s,SUCCESS,20240216033737
eadede04-2754-4d4c-802d-4e6ec60ddf02,13,/example/services/q,FAIL,20240216033737
5cddc359-f418-4c36-bfe2-b6e22bd3b41f,1,/example/services/z,SUCCESS,20240216033737
f97df091-dd3f-4709-86c1-ceb3565f3ed4,6,/example/services/c,FAIL,20240216033737
bf29ee3d-5b48-4e26-a22a-3e6a87a19358,9,/example/services/l,SUCCESS,20240216033737
96bf0c5c-9a83-431e-92ea-d3a9b9e64832,14,/example/services/x,SUCCESS,20240216033737
5af15070-89ba-4a6c-9043-cc8fe50593a3,7,/example/services/q,SUCCESS,20240216033737
6cc19ea0-587d-4dcc-a264-335a4f7a358e,9,/example/services/g,FAIL,20240216033737
f96e7da2-8299-4e6f-aee0-3b73a4db0ada,18,/example/services/z,SUCCESS,20240216033737
d322753a-6fee-4a3a-a3f7-06a677ee8c3b,20,/example/services/a,FAIL,20240216033737
a8e714ff-ab36-48f9-bbc6-a08917f32a62,2,/example/services/d,SUCCESS,20240216033737
0e2d0752-380d-4f53-95f6-50485dd9664e,15,/example/services/q,SUCCESS,20240216033737
b340296e-f1a0-4fa3-af11-c9acab58ad49,3,/example/services/x,SUCCESS,20240216033737
461d23a1-d41f-4496-beed-13de934051fe,5,/example/services/g,SUCCESS,20240216033737
a5ddbeb6-241c-4b41-b197-de0fc590f8ea,9,/example/services/i,FAIL,20240216033737
982d2748-f2aa-4498-9daa-a486e9e4d69d,6,/example/services/f,SUCCESS,20240216033737
48111af7-b37f-4ff8-af7d-1678a1ec7701,2,/example/services/y,FAIL,20240216033737
06ff53ab-97c6-47dd-86bb-2a3f273139ac,6,/example/services/m,SUCCESS,20240216033737
018e2373-b424-4d8a-80fb-51c31ee06267,14,/example/services/b,SUCCESS,20240216033737
67a41f5c-f881-47b5-ae76-cf999418d550,0,/example/services/n,SUCCESS,20240216033737
2ccc66ec-79ba-49d1-aac4-1bfb706217cb,4,/example/services/z,FAIL,20240216033737
d1d5a6c7-76ec-4109-9106-37d92e564039,3,/example/services/g,SUCCESS,20240216033737
25962705-e5d1-481e-a8f6-83bc7771f061,10,/example/services/x,SUCCESS,20240216033737
41f58c82-7452-40aa-9e09-38b251f39b27,15,/example/services/t,SUCCESS,20240216033737
8f54a141-e306-4129-8289-237e4ddb25f5,18,/example/services/p,SUCCESS,20240216033737
8e172950-8322-421c-83df-0438ab932a5a,2,/example/services/f,SUCCESS,20240216033737
e84fba87-295e-43cc-81c4-5009e96e556c,1,/example/services/i,SUCCESS,20240216033737
0887afe1-ddd6-4d9c-8d2e-e1eeeceb6c9d,18,/example/services/k,SUCCESS,20240216033737
c135abae-21c5-4813-87f6-02dc4f5aa331,4,/example/services/o,SUCCESS,20240216033737
05063bbb-8403-4808-b54f-0e1742a19040,17,/example/services/b,SUCCESS,20240216033737
252f5db0-4d99-4960-ab54-721e1906f119,18,/example/services/g,SUCCESS,20240216033737
051de20b-cc31-4cdb-b0e6-9c125efdc858,19,/example/services/v,SUCCESS,20240216033737
c235bc11-8dc3-4477-a106-9de533845bfb,18,/example/services/k,SUCCESS,20240216033737
809cb14f-661e-4244-b57d-2ca1e9c0a30c,13,/example/services/i,SUCCESS,20240216033737
8e7d61ce-693b-46cc-b8b4-5ffc112ac039,5,/example/services/j,SUCCESS,20240216033737
b52d353d-8612-477b-988d-d3f7d88b44b1,20,/example/services/w,FAIL,20240216033737
bb594a4f-1596-4e68-81ea-ecde4416f5d2,9,/example/services/m,SUCCESS,20240216033737
f00e7ae6-0563-4583-b9a8-5fa42a18f4fa,17,/example/services/x,SUCCESS,20240216033737
43c85a0e-1fdf-4884-9d93-43efed381172,17,/example/services/v,SUCCESS,20240216033737
83343add-e83a-4cb0-a16f-f5c390f8f133,13,/example/services/z,SUCCESS,20240216033737
02fd9528-896f-4cfb-82fe-7be3cf8afd0b,4,/example/services/x,FAIL,20240216033737
44eeff39-f80f-439b-a664-01d61adc8f62,4,/example/services/z,SUCCESS,20240216033737
955bcd6b-acb9-41fe-9162-6ba9a4e6142a,15,/example/services/f,SUCCESS,20240216033737
1c25525c-95a2-4fcb-89b6-cf2110610725,9,/example/services/i,SUCCESS,20240216033737
0bcc335c-39da-472a-9ec9-0c70816c68c7,8,/example/services/w,SUCCESS,20240216033737
332e0ec4-a5f4-4a72-b6f7-4f1f2bb4e6f8,12,/example/services/w,SUCCESS,20240216033737
0b7a2bb2-ad71-4ccc-b13b-ef34925a42d5,14,/example/services/v,SUCCESS,20240216033737
0a742938-ebdd-49c3-94a9-b135538bc6d1,6,/example/services/o,SUCCESS,20240216033737
5082b5dc-0719-4000-ad2f-5675958a4a99,7,/example/services/m,SUCCESS,20240216033737
996289f8-54e0-4775-8ea6-1f8b8611bf88,10,/example/services/r,SUCCESS,20240216033737
14f87044-9066-4e2f-8d32-242924c8ca65,18,/example/services/v,SUCCESS,20240216033737
b80dc3e7-8829-49d6-9e50-f60555c98224,20,/example/services/w,FAIL,20240216033737
3ff756a5-3bd1-425b-9b75-af75c78bb4b6,9,/example/services/v,SUCCESS,20240216033737
0bb04e4b-2b66-4438-b56c-f969d520972f,19,/example/services/w,SUCCESS,20240216033737
d68a487b-5923-4515-adbd-409d619e3eb7,5,/example/services/z,SUCCESS,20240216033737
b77e6506-97e0-428e-b123-f3fd636e7b85,2,/example/services/t,SUCCESS,20240216033737
59b015ec-a465-4aa4-8414-c07ffa8e9457,1,/example/services/p,SUCCESS,20240216033737
5537b99b-1ed7-41f1-baa1-59909c3be26d,9,/example/services/k,SUCCESS,20240216033737
